ds,y
7/1/2015,754
7/2/2015,662
7/3/2015,565
7/4/2015,378
7/5/2015,401
7/6/2015,619
7/7/2015,686
7/8/2015,567
7/9/2015,528
7/10/2015,398
7/11/2015,311
7/12/2015,392
7/13/2015,693
7/14/2015,678
7/15/2015,687
7/16/2015,486
7/17/2015,415
7/18/2015,342
7/19/2015,401
7/20/2015,619
7/21/2015,624
7/22/2015,650
7/23/2015,605
7/24/2015,432
7/25/2015,311
7/26/2015,364
7/27/2015,531
7/28/2015,539
7/29/2015,590
7/30/2015,498
7/31/2015,353
8/1/2015,260
8/2/2015,300
8/3/2015,440
8/4/2015,469
8/5/2015,526
8/6/2015,512
8/7/2015,406
8/8/2015,304
8/9/2015,313
8/10/2015,473
8/11/2015,651
8/12/2015,678
8/13/2015,576
8/14/2015,434
8/15/2015,308
8/16/2015,370
8/17/2015,558
8/18/2015,593
8/19/2015,609
8/20/2015,473
8/21/2015,441
8/22/2015,299
8/23/2015,346
8/24/2015,591
8/25/2015,737
8/26/2015,713
8/27/2015,679
8/28/2015,474
8/29/2015,268
8/30/2015,298
8/31/2015,757
9/1/2015,594
9/2/2015,712
9/3/2015,563
9/4/2015,444
9/5/2015,310
9/6/2015,399
9/7/2015,543
9/8/2015,613
9/9/2015,625
9/10/2015,625
9/11/2015,476
9/12/2015,388
9/13/2015,492
9/14/2015,664
9/15/2015,670
9/16/2015,577
9/17/2015,535
9/18/2015,467
9/19/2015,294
9/20/2015,440
9/21/2015,565
9/22/2015,575
9/23/2015,525
9/24/2015,477
9/25/2015,405
9/26/2015,258
9/27/2015,307
9/28/2015,628
9/29/2015,550
9/30/2015,573
10/1/2015,579
10/2/2015,426
10/3/2015,333
10/4/2015,337
10/5/2015,514
10/6/2015,643
10/7/2015,659
10/8/2015,637
10/9/2015,441
10/10/2015,288
10/11/2015,335
10/12/2015,484
10/13/2015,619
10/14/2015,558
10/15/2015,656
10/16/2015,544
10/17/2015,336
10/18/2015,353
10/19/2015,561
10/20/2015,535
10/21/2015,507
10/22/2015,441
10/23/2015,394
10/24/2015,306
10/25/2015,294
10/26/2015,459
10/27/2015,455
10/28/2015,504
10/29/2015,445
10/30/2015,387
10/31/2015,243
11/1/2015,287
11/2/2015,420
11/3/2015,563
11/4/2015,765
11/5/2015,810
11/6/2015,602
11/7/2015,425
11/8/2015,636
11/9/2015,952
11/10/2015,1223
11/11/2015,1264
11/12/2015,1121
11/13/2015,700
11/14/2015,464
11/15/2015,845
11/16/2015,1047
11/17/2015,1101
11/18/2015,1056
11/19/2015,955
11/20/2015,804
11/21/2015,530
11/22/2015,818
11/23/2015,983
11/24/2015,927
11/25/2015,1026
11/26/2015,774
11/27/2015,519
11/28/2015,417
11/29/2015,435
11/30/2015,710
12/1/2015,719
12/2/2015,700
12/3/2015,709
12/4/2015,517
12/5/2015,406
12/6/2015,476
12/7/2015,719
12/8/2015,753
12/9/2015,766
12/10/2015,703
12/11/2015,537
12/12/2015,380
12/13/2015,412
12/14/2015,614
12/15/2015,560
12/16/2015,562
12/17/2015,525
12/18/2015,436
12/19/2015,217
12/20/2015,250
12/21/2015,321
12/22/2015,329
12/23/2015,250
12/24/2015,214
12/25/2015,162
12/26/2015,147
12/27/2015,186
12/28/2015,252
12/29/2015,354
12/30/2015,317
12/31/2015,237
1/1/2016,190
1/2/2016,254
1/3/2016,299
1/4/2016,544
1/5/2016,667
1/6/2016,732
1/7/2016,661
1/8/2016,525
1/9/2016,401
1/10/2016,468
1/11/2016,768
1/12/2016,755
1/13/2016,869
1/14/2016,730
1/15/2016,602
1/16/2016,369
1/17/2016,510
1/18/2016,753
1/19/2016,808
1/20/2016,808
1/21/2016,677
1/22/2016,627
1/23/2016,429
1/24/2016,460
1/25/2016,665
1/26/2016,699
1/27/2016,700
1/28/2016,669
1/29/2016,616
1/30/2016,412
1/31/2016,421
2/1/2016,622
2/2/2016,614
2/3/2016,683
2/4/2016,575
2/5/2016,520
2/6/2016,326
2/7/2016,314
2/8/2016,545
2/9/2016,542
2/10/2016,607
2/11/2016,609
2/12/2016,452
2/13/2016,294
2/14/2016,337
2/15/2016,660
2/16/2016,559
2/17/2016,604
2/18/2016,599
2/19/2016,472
2/20/2016,363
2/21/2016,412
2/22/2016,558
2/23/2016,602
2/24/2016,522
2/25/2016,478
2/26/2016,442
2/27/2016,349
2/28/2016,381
2/29/2016,615
3/1/2016,646
3/2/2016,691
3/3/2016,635
3/4/2016,442
3/5/2016,297
3/6/2016,326
3/7/2016,541
3/8/2016,489
3/9/2016,485
3/10/2016,437
3/11/2016,379
3/12/2016,275
3/13/2016,347
3/14/2016,484
3/15/2016,561
3/16/2016,494
3/17/2016,461
3/18/2016,421
3/19/2016,250
3/20/2016,360
3/21/2016,520
3/22/2016,474
3/23/2016,463
3/24/2016,410
3/25/2016,286
3/26/2016,270
3/27/2016,382
3/28/2016,447
3/29/2016,517
3/30/2016,503
3/31/2016,439
4/1/2016,365
4/2/2016,280
4/3/2016,329
4/4/2016,481
4/5/2016,520
4/6/2016,468
4/7/2016,531
4/8/2016,422
4/9/2016,231
4/10/2016,324
4/11/2016,522
4/12/2016,575
4/13/2016,546
4/14/2016,488
4/15/2016,421
4/16/2016,252
4/17/2016,288
4/18/2016,558
4/19/2016,608
4/20/2016,482
4/21/2016,486
4/22/2016,399
4/23/2016,321
4/24/2016,299
4/25/2016,558
4/26/2016,524
4/27/2016,547
4/28/2016,552
4/29/2016,528
4/30/2016,271
5/1/2016,284
5/2/2016,471
5/3/2016,623
5/4/2016,565
5/5/2016,434
5/6/2016,373
5/7/2016,253
5/8/2016,235
5/9/2016,506
5/10/2016,444
5/11/2016,472
5/12/2016,445
5/13/2016,400
5/14/2016,290
5/15/2016,330
5/16/2016,508
5/17/2016,473
5/18/2016,562
5/19/2016,515
5/20/2016,438
5/21/2016,274
5/22/2016,301
5/23/2016,450
5/24/2016,525
5/25/2016,534
5/26/2016,625
5/27/2016,456
5/28/2016,282
5/29/2016,304
5/30/2016,437
5/31/2016,523
6/1/2016,498
6/2/2016,502
6/3/2016,417
6/4/2016,354
6/5/2016,424
6/6/2016,543
6/7/2016,669
6/8/2016,879
6/9/2016,631
6/10/2016,479
6/11/2016,387
6/12/2016,605
6/13/2016,1142
6/14/2016,1620
6/15/2016,1601
6/16/2016,1632
6/17/2016,833
6/18/2016,738
6/19/2016,1273
6/20/2016,1568
6/21/2016,1884
6/22/2016,1710
6/23/2016,1360
6/24/2016,955
6/25/2016,785
6/26/2016,979
6/27/2016,1388
6/28/2016,1303
6/29/2016,1128
6/30/2016,1092
7/1/2016,731
7/2/2016,421
7/3/2016,688
7/4/2016,976
7/5/2016,628
7/6/2016,885
7/7/2016,772
7/8/2016,579
7/9/2016,413
7/10/2016,529
7/11/2016,728
7/12/2016,726
7/13/2016,663
7/14/2016,627
7/15/2016,529
7/16/2016,333
7/17/2016,417
7/18/2016,621
7/19/2016,720
7/20/2016,717
7/21/2016,621
7/22/2016,463
7/23/2016,343
7/24/2016,365
7/25/2016,535
7/26/2016,567
7/27/2016,575
7/28/2016,481
7/29/2016,386
7/30/2016,335
7/31/2016,421
8/1/2016,588
8/2/2016,706
8/3/2016,700
8/4/2016,579
8/5/2016,490
8/6/2016,334
8/7/2016,397
8/8/2016,711
8/9/2016,852
8/10/2016,997
8/11/2016,844
8/12/2016,585
8/13/2016,483
8/14/2016,618
8/15/2016,910
8/16/2016,944
8/17/2016,959
8/18/2016,863
8/19/2016,634
8/20/2016,450
8/21/2016,686
8/22/2016,742
8/23/2016,999
8/24/2016,940
8/25/2016,848
8/26/2016,561
8/27/2016,367
8/28/2016,427
8/29/2016,750
8/30/2016,838
8/31/2016,786
9/1/2016,839
9/2/2016,649
9/3/2016,511
9/4/2016,520
9/5/2016,780
9/6/2016,852
9/7/2016,932
9/8/2016,853
9/9/2016,627
9/10/2016,432
9/11/2016,459
9/12/2016,683
9/13/2016,694
9/14/2016,814
9/15/2016,750
9/16/2016,575
9/17/2016,434
9/18/2016,510
9/19/2016,725
9/20/2016,822
9/21/2016,729
9/22/2016,696
9/23/2016,549
9/24/2016,468
9/25/2016,575
9/26/2016,740
9/27/2016,712
9/28/2016,702
9/29/2016,1089
9/30/2016,528
10/1/2016,363
10/2/2016,501
10/3/2016,738
10/4/2016,704
10/5/2016,656
10/6/2016,618
10/7/2016,502
10/8/2016,353
10/9/2016,458
10/10/2016,658
10/11/2016,615
10/12/2016,608
10/13/2016,617
10/14/2016,523
10/15/2016,461
10/16/2016,465
10/17/2016,711
10/18/2016,736
10/19/2016,691
10/20/2016,644
10/21/2016,454
10/22/2016,366
10/23/2016,442
10/24/2016,636
10/25/2016,687
10/26/2016,697
10/27/2016,547
10/28/2016,457
10/29/2016,361
10/30/2016,314
10/31/2016,481
11/1/2016,494
11/2/2016,517
11/3/2016,642
11/4/2016,565
11/5/2016,360
11/6/2016,505
11/7/2016,821
11/8/2016,1101
11/9/2016,1229
11/10/2016,1348
11/11/2016,841
11/12/2016,605
11/13/2016,1083
11/14/2016,1424
11/15/2016,1608
11/16/2016,1442
11/17/2016,3344
11/18/2016,831
11/19/2016,578
11/20/2016,849
11/21/2016,1166
11/22/2016,1019
11/23/2016,1141
11/24/2016,885
11/25/2016,643
11/26/2016,501
11/27/2016,710
11/28/2016,918
11/29/2016,746
11/30/2016,887
12/1/2016,902
12/2/2016,765
12/3/2016,485
12/4/2016,616
12/5/2016,909
12/6/2016,1022
12/7/2016,858
12/8/2016,761
12/9/2016,670
12/10/2016,473
12/11/2016,593
12/12/2016,846
12/13/2016,795
12/14/2016,695
12/15/2016,563
12/16/2016,438
12/17/2016,278
12/18/2016,369
12/19/2016,444
12/20/2016,452
12/21/2016,357
12/22/2016,324
12/23/2016,283
12/24/2016,215
12/25/2016,151
12/26/2016,234
12/27/2016,295
12/28/2016,328
12/29/2016,343
12/30/2016,281
12/31/2016,174
1/1/2017,199
1/2/2017,364
1/3/2017,529
1/4/2017,672
1/5/2017,633
1/6/2017,509
1/7/2017,394
1/8/2017,439
1/9/2017,736
1/10/2017,983
1/11/2017,825
1/12/2017,772
1/13/2017,577
1/14/2017,411
1/15/2017,592
1/16/2017,850
1/17/2017,900
1/18/2017,1022
1/19/2017,918
1/20/2017,661
1/21/2017,465
1/22/2017,562
1/23/2017,1045
1/24/2017,1117
1/25/2017,1038
1/26/2017,941
1/27/2017,635
1/28/2017,465
1/29/2017,715
1/30/2017,905
1/31/2017,848
2/1/2017,1075
2/2/2017,931
2/3/2017,640
2/4/2017,428
2/5/2017,514
2/6/2017,692
2/7/2017,748
2/8/2017,817
2/9/2017,654
2/10/2017,606
2/11/2017,320
2/12/2017,429
2/13/2017,643
2/14/2017,717
2/15/2017,646
2/16/2017,642
2/17/2017,555
2/18/2017,405
2/19/2017,504
2/20/2017,694
2/21/2017,728
2/22/2017,673
2/23/2017,578
2/24/2017,487
2/25/2017,410
2/26/2017,434
2/27/2017,658
2/28/2017,675
3/1/2017,646
3/2/2017,648
3/3/2017,520
3/4/2017,330
3/5/2017,405
3/6/2017,607
3/7/2017,696
3/8/2017,695
3/9/2017,555
3/10/2017,471
3/11/2017,382
3/12/2017,424
3/13/2017,620
3/14/2017,618
3/15/2017,663
3/16/2017,649
3/17/2017,480
3/18/2017,345
3/19/2017,509
3/20/2017,746
3/21/2017,685
3/22/2017,611
3/23/2017,698
3/24/2017,540
3/25/2017,326
3/26/2017,371
3/27/2017,622
3/28/2017,603
3/29/2017,649
3/30/2017,604
3/31/2017,452
4/1/2017,309
4/2/2017,621
4/3/2017,559
4/4/2017,588
4/5/2017,527
4/6/2017,514
4/7/2017,423
4/8/2017,301
4/9/2017,311
4/10/2017,437
4/11/2017,483
4/12/2017,450
4/13/2017,412
4/14/2017,333
4/15/2017,229
4/16/2017,301
4/17/2017,485
4/18/2017,597
4/19/2017,613
4/20/2017,547
4/21/2017,461
4/22/2017,295
4/23/2017,330
4/24/2017,518
4/25/2017,578
4/26/2017,543
4/27/2017,504
4/28/2017,415
4/29/2017,242
4/30/2017,280
5/1/2017,467
5/2/2017,477
5/3/2017,617
5/4/2017,510
5/5/2017,403
5/6/2017,259
5/7/2017,309
5/8/2017,431
5/9/2017,498
5/10/2017,514
5/11/2017,462
5/12/2017,442
5/13/2017,271
5/14/2017,328
5/15/2017,494
5/16/2017,548
5/17/2017,543
5/18/2017,545
5/19/2017,511
5/20/2017,302
5/21/2017,468
5/22/2017,536
5/23/2017,504
5/24/2017,476
5/25/2017,540
5/26/2017,357
5/27/2017,232
5/28/2017,235
5/29/2017,367
5/30/2017,459
5/31/2017,459
6/1/2017,427
6/2/2017,355
6/3/2017,228
6/4/2017,275
6/5/2017,888
6/6/2017,1114
6/7/2017,986
6/8/2017,854
6/9/2017,537
6/10/2017,416
6/11/2017,448
6/12/2017,828
6/13/2017,1207
6/14/2017,1356
6/15/2017,1207
6/16/2017,756
6/17/2017,589
6/18/2017,876
6/19/2017,1325
6/20/2017,1354
6/21/2017,1354
6/22/2017,1118
6/23/2017,694
6/24/2017,505
6/25/2017,518
6/26/2017,856
6/27/2017,1017
6/28/2017,852
6/29/2017,871
6/30/2017,560
7/1/2017,381
7/2/2017,539
7/3/2017,746
7/4/2017,806
7/5/2017,857
7/6/2017,835
7/7/2017,612
7/8/2017,446
7/9/2017,504
7/10/2017,786
7/11/2017,872
7/12/2017,786
7/13/2017,661
7/14/2017,514
7/15/2017,386
7/16/2017,442
7/17/2017,577
7/18/2017,659
7/19/2017,576
7/20/2017,527
7/21/2017,432
7/22/2017,276
7/23/2017,310
7/24/2017,595
7/25/2017,500
7/26/2017,524
7/27/2017,474
7/28/2017,438
7/29/2017,247
7/30/2017,336
7/31/2017,487
8/1/2017,486
8/2/2017,527
8/3/2017,524
8/4/2017,444
8/5/2017,267
8/6/2017,318
8/7/2017,513
8/8/2017,595
8/9/2017,597
8/10/2017,586
8/11/2017,384
8/12/2017,354
8/13/2017,467
8/14/2017,813
8/15/2017,870
8/16/2017,802
8/17/2017,764
8/18/2017,589
8/19/2017,392
8/20/2017,431
8/21/2017,660
8/22/2017,683
8/23/2017,760
8/24/2017,668
8/25/2017,501
8/26/2017,389
8/27/2017,462
8/28/2017,750
8/29/2017,726
8/30/2017,730
8/31/2017,642
9/1/2017,436
9/2/2017,334
9/3/2017,457
9/4/2017,555
9/5/2017,697
9/6/2017,630
9/7/2017,654
9/8/2017,614
9/9/2017,386
9/10/2017,451
9/11/2017,642
9/12/2017,656
9/13/2017,682
9/14/2017,658
9/15/2017,553
9/16/2017,360
9/17/2017,463
9/18/2017,664
9/19/2017,712
9/20/2017,651
9/21/2017,647
9/22/2017,532
9/23/2017,331
9/24/2017,366
9/25/2017,632
9/26/2017,594
9/27/2017,557
9/28/2017,610
9/29/2017,448
9/30/2017,313
10/1/2017,340
10/2/2017,499
10/3/2017,589
10/4/2017,714
10/5/2017,557
10/6/2017,773
10/7/2017,315
10/8/2017,391
10/9/2017,550
10/10/2017,510
10/11/2017,596
10/12/2017,570
10/13/2017,411
10/14/2017,323
10/15/2017,348
10/16/2017,578
10/17/2017,535
10/18/2017,522
10/19/2017,484
10/20/2017,377
10/21/2017,286
10/22/2017,397
10/23/2017,543
10/24/2017,560
10/25/2017,622
10/26/2017,497
10/27/2017,447
10/28/2017,283
10/29/2017,383
10/30/2017,523
10/31/2017,485
11/1/2017,508
11/2/2017,541
11/3/2017,518
11/4/2017,321
11/5/2017,401
11/6/2017,909
11/7/2017,1115
11/8/2017,1090
11/9/2017,958
11/10/2017,646
11/11/2017,437
11/12/2017,609
11/13/2017,862
11/14/2017,951
11/15/2017,967
11/16/2017,945
11/17/2017,643
11/18/2017,424
11/19/2017,581
11/20/2017,954
11/21/2017,926
11/22/2017,938
11/23/2017,799
11/24/2017,552
11/25/2017,417
11/26/2017,576
11/27/2017,854
11/28/2017,914
11/29/2017,775
11/30/2017,716
12/1/2017,622
12/2/2017,451
12/3/2017,618
12/4/2017,937
12/5/2017,846
12/6/2017,706
12/7/2017,755
12/8/2017,604
12/9/2017,379
12/10/2017,422
12/11/2017,765
12/12/2017,733
12/13/2017,625
12/14/2017,754
12/15/2017,438
12/16/2017,353
12/17/2017,379
12/18/2017,518
12/19/2017,489
12/20/2017,423
12/21/2017,387
12/22/2017,284
12/23/2017,228
12/24/2017,155
12/25/2017,196
12/26/2017,300
12/27/2017,350
12/28/2017,343
12/29/2017,250
12/30/2017,198
12/31/2017,193
1/1/2018,220
1/2/2018,439
1/3/2018,609
1/4/2018,475
1/5/2018,382
1/6/2018,314
1/7/2018,334
1/8/2018,654
1/9/2018,727
1/10/2018,770
1/11/2018,731
1/12/2018,592
1/13/2018,412
1/14/2018,446
1/15/2018,661
1/16/2018,897
1/17/2018,861
1/18/2018,815
1/19/2018,693
1/20/2018,514
1/21/2018,693
1/22/2018,949
1/23/2018,1035
1/24/2018,965
1/25/2018,913
1/26/2018,673
1/27/2018,498
1/28/2018,634
1/29/2018,875
1/30/2018,757
1/31/2018,771
2/1/2018,674
2/2/2018,556
2/3/2018,399
2/4/2018,510
2/5/2018,661
2/6/2018,657
2/7/2018,588
2/8/2018,625
2/9/2018,492
2/10/2018,375
2/11/2018,498
2/12/2018,645
2/13/2018,572
2/14/2018,506
2/15/2018,515
2/16/2018,437
2/17/2018,372
2/18/2018,362
2/19/2018,519
2/20/2018,582
2/21/2018,673
2/22/2018,568
2/23/2018,429
2/24/2018,337
2/25/2018,366
2/26/2018,603
2/27/2018,589
2/28/2018,663
3/1/2018,558
3/2/2018,486
3/3/2018,371
3/4/2018,438
3/5/2018,659
3/6/2018,703
3/7/2018,685
3/8/2018,664
3/9/2018,542
3/10/2018,358
3/11/2018,488
3/12/2018,604
3/13/2018,576
3/14/2018,595
3/15/2018,635
3/16/2018,508
3/17/2018,325
3/18/2018,411
3/19/2018,566
3/20/2018,617
3/21/2018,562
3/22/2018,564
3/23/2018,448
3/24/2018,333
3/25/2018,372
3/26/2018,521
3/27/2018,589
3/28/2018,485
3/29/2018,410
3/30/2018,407
3/31/2018,342
4/1/2018,339
4/2/2018,682
4/3/2018,600
4/4/2018,626
4/5/2018,553
4/6/2018,486
4/7/2018,349
4/8/2018,334
4/9/2018,516
4/10/2018,608
4/11/2018,610
4/12/2018,595
4/13/2018,461
4/14/2018,298
4/15/2018,376
4/16/2018,515
4/17/2018,631
4/18/2018,569
4/19/2018,578
4/20/2018,410
4/21/2018,316
4/22/2018,366
4/23/2018,560
4/24/2018,522
4/25/2018,536
4/26/2018,486
4/27/2018,360
4/28/2018,298
4/29/2018,292
4/30/2018,462
5/1/2018,511
5/2/2018,491
5/3/2018,524
5/4/2018,400
5/5/2018,301
5/6/2018,305
5/7/2018,454
5/8/2018,517
5/9/2018,507
5/10/2018,555
5/11/2018,432
5/12/2018,254
5/13/2018,296
5/14/2018,532
5/15/2018,527
5/16/2018,529
5/17/2018,526
5/18/2018,448
5/19/2018,290
5/20/2018,419
5/21/2018,515
5/22/2018,508
5/23/2018,523
5/24/2018,477
5/25/2018,428
5/26/2018,305
5/27/2018,281
5/28/2018,452
5/29/2018,449
5/30/2018,449
5/31/2018,424
6/1/2018,370
6/2/2018,280
6/3/2018,280
6/4/2018,1131
6/5/2018,1051
6/6/2018,1069
6/7/2018,899
6/8/2018,467
6/9/2018,339
6/10/2018,466
6/11/2018,440
6/12/2018,660
6/13/2018,730
6/14/2018,479
6/15/2018,390
6/16/2018,324
6/17/2018,475
6/18/2018,928
6/19/2018,1005
6/20/2018,1003
6/21/2018,875
6/22/2018,810
6/23/2018,393
6/24/2018,576
6/25/2018,980
6/26/2018,869
6/27/2018,818
6/28/2018,681
6/29/2018,460
6/30/2018,345
7/1/2018,498
7/2/2018,630
7/3/2018,634
7/4/2018,592
7/5/2018,543
7/6/2018,525
7/7/2018,281
7/8/2018,350
7/9/2018,540
7/10/2018,559
7/11/2018,671
7/12/2018,578
7/13/2018,408
7/14/2018,302
7/15/2018,359
7/16/2018,525
7/17/2018,544
7/18/2018,473
7/19/2018,547
7/20/2018,502
7/21/2018,286
7/22/2018,292
7/23/2018,441
7/24/2018,507
7/25/2018,490
7/26/2018,462
7/27/2018,361
7/28/2018,282
7/29/2018,319
7/30/2018,427
7/31/2018,429
8/1/2018,462
8/2/2018,476
8/3/2018,370
8/4/2018,261
8/5/2018,326
8/6/2018,548
8/7/2018,597
8/8/2018,617
8/9/2018,577
8/10/2018,475
8/11/2018,317
8/12/2018,399
8/13/2018,620
8/14/2018,773
8/15/2018,653
8/16/2018,612
8/17/2018,541
8/18/2018,326
8/19/2018,397
8/20/2018,534
8/21/2018,581
8/22/2018,713
8/23/2018,596
8/24/2018,508
8/25/2018,315
8/26/2018,321
8/27/2018,598
8/28/2018,731
8/29/2018,660
8/30/2018,631
8/31/2018,464
9/1/2018,378
9/2/2018,367
9/3/2018,473
9/4/2018,708
9/5/2018,690
9/6/2018,640
9/7/2018,519
9/8/2018,312
9/9/2018,386
9/10/2018,605
9/11/2018,533
9/12/2018,546
9/13/2018,457
9/14/2018,397
9/15/2018,340
9/16/2018,398
9/17/2018,517
9/18/2018,541
9/19/2018,550
9/20/2018,522
9/21/2018,455
9/22/2018,320
9/23/2018,416
9/24/2018,529
9/25/2018,588
9/26/2018,655
9/27/2018,606
9/28/2018,478
9/29/2018,346
9/30/2018,380
10/1/2018,468
10/2/2018,506
10/3/2018,563
10/4/2018,490
10/5/2018,384
10/6/2018,292
10/7/2018,346
10/8/2018,484
10/9/2018,612
10/10/2018,539
10/11/2018,575
10/12/2018,419
10/13/2018,348
10/14/2018,341
10/15/2018,458
10/16/2018,592
10/17/2018,497
10/18/2018,539
10/19/2018,422
10/20/2018,309
10/21/2018,267
10/22/2018,479
10/23/2018,533
10/24/2018,437
10/25/2018,507
10/26/2018,506
10/27/2018,291
10/28/2018,337
10/29/2018,482
10/30/2018,538
10/31/2018,498
11/1/2018,427
11/2/2018,387
11/3/2018,334
11/4/2018,361
11/5/2018,698
11/6/2018,638
11/7/2018,685
11/8/2018,579
11/9/2018,451
11/10/2018,289
11/11/2018,366
11/12/2018,652
11/13/2018,782
11/14/2018,685
11/15/2018,599
11/16/2018,413
11/17/2018,371
11/18/2018,406
11/19/2018,636
11/20/2018,571
11/21/2018,454
11/22/2018,465
11/23/2018,381
11/24/2018,291
11/25/2018,389
11/26/2018,599
11/27/2018,693
11/28/2018,633
11/29/2018,603
11/30/2018,441
12/1/2018,279
12/2/2018,359
12/3/2018,494
12/4/2018,568
12/5/2018,565
12/6/2018,583
12/7/2018,443
12/8/2018,286
12/9/2018,345
12/10/2018,467
12/11/2018,550
12/12/2018,546
12/13/2018,441
12/14/2018,364
12/15/2018,233
12/16/2018,247
12/17/2018,535
12/18/2018,384
12/19/2018,376
12/20/2018,448
12/21/2018,226
12/22/2018,178
12/23/2018,192
12/24/2018,172
12/25/2018,179
12/26/2018,213
12/27/2018,241
12/28/2018,244
12/29/2018,231
12/30/2018,171
12/31/2018,206
1/1/2019,149
1/2/2019,325
1/3/2019,316
1/4/2019,260
1/5/2019,248
1/6/2019,210
1/7/2019,385
1/8/2019,507
1/9/2019,507
1/10/2019,470
1/11/2019,372
1/12/2019,296
1/13/2019,344
1/14/2019,505
1/15/2019,562
1/16/2019,528
1/17/2019,516
1/18/2019,462
1/19/2019,293
1/20/2019,310
1/21/2019,472
1/22/2019,659
1/23/2019,696
1/24/2019,580
1/25/2019,515
1/26/2019,303
1/27/2019,342
1/28/2019,559
1/29/2019,539
1/30/2019,520
1/31/2019,490
2/1/2019,407
2/2/2019,251
2/3/2019,282
2/4/2019,490
2/5/2019,524
2/6/2019,505
2/7/2019,473
2/8/2019,442
2/9/2019,265
2/10/2019,312
2/11/2019,575
2/12/2019,543
2/13/2019,571
2/14/2019,478
2/15/2019,375
2/16/2019,245
2/17/2019,397
2/18/2019,440
2/19/2019,505
2/20/2019,574
2/21/2019,566
2/22/2019,448
2/23/2019,312
2/24/2019,279
2/25/2019,487
2/26/2019,482
2/27/2019,566
2/28/2019,469
3/1/2019,422
3/2/2019,241
3/3/2019,233
3/4/2019,468
3/5/2019,465
3/6/2019,458
3/7/2019,459
3/8/2019,416
3/9/2019,258
3/10/2019,270
3/11/2019,477
3/12/2019,437
3/13/2019,486
3/14/2019,459
3/15/2019,356
3/16/2019,292
3/17/2019,311
3/18/2019,483
3/19/2019,468
3/20/2019,500
3/21/2019,464
3/22/2019,408
3/23/2019,247
3/24/2019,256
3/25/2019,490
3/26/2019,563
3/27/2019,512
3/28/2019,475
3/29/2019,371
3/30/2019,255
3/31/2019,293
4/1/2019,503
4/2/2019,467
4/3/2019,521
4/4/2019,471
4/5/2019,381
4/6/2019,249
4/7/2019,281
4/8/2019,545
4/9/2019,525
4/10/2019,580
4/11/2019,572
4/12/2019,412
4/13/2019,236
4/14/2019,314
4/15/2019,552
4/16/2019,450
4/17/2019,433
4/18/2019,389
4/19/2019,308
4/20/2019,199
4/21/2019,227
4/22/2019,417
4/23/2019,457
4/24/2019,489
4/25/2019,532
4/26/2019,442
4/27/2019,278
4/28/2019,321
4/29/2019,474
4/30/2019,460
5/1/2019,423
5/2/2019,507
5/3/2019,376
5/4/2019,235
5/5/2019,262
5/6/2019,498
5/7/2019,488
5/8/2019,483
5/9/2019,581
5/10/2019,440
5/11/2019,269
5/12/2019,295
5/13/2019,538
5/14/2019,562
5/15/2019,548
5/16/2019,570
5/17/2019,479
5/18/2019,219
5/19/2019,257
5/20/2019,507
5/21/2019,523
5/22/2019,548
5/23/2019,463
5/24/2019,508
5/25/2019,186
5/26/2019,234
5/27/2019,335
5/28/2019,414
5/29/2019,408
5/30/2019,381
5/31/2019,344
6/1/2019,192
6/2/2019,213
6/3/2019,969
6/4/2019,607
6/5/2019,822
6/6/2019,793
6/7/2019,470
6/8/2019,324
6/9/2019,443
6/10/2019,807
6/11/2019,614
6/12/2019,708
6/13/2019,606
6/14/2019,477
6/15/2019,291
6/16/2019,352
6/17/2019,715
6/18/2019,757
6/19/2019,756
6/20/2019,647
6/21/2019,461
6/22/2019,216
6/23/2019,331
6/24/2019,535
6/25/2019,681
6/26/2019,596
6/27/2019,540
6/28/2019,351
6/29/2019,237
6/30/2019,266
7/1/2019,489
7/2/2019,632
7/3/2019,500
7/4/2019,364
7/5/2019,314
7/6/2019,237
7/7/2019,279
7/8/2019,437
7/9/2019,439
7/10/2019,472
7/11/2019,459
7/12/2019,424
7/13/2019,227
7/14/2019,255
7/15/2019,477
7/16/2019,455
7/17/2019,401
7/18/2019,404
7/19/2019,336
7/20/2019,228
7/21/2019,266
7/22/2019,374
7/23/2019,388
7/24/2019,409
7/25/2019,374
7/26/2019,370
7/27/2019,214
7/28/2019,219
7/29/2019,342
7/30/2019,456
7/31/2019,414
8/1/2019,414
8/2/2019,381
8/3/2019,231
8/4/2019,253
8/5/2019,427
8/6/2019,464
8/7/2019,531
8/8/2019,535
8/9/2019,360
8/10/2019,221
8/11/2019,218
8/12/2019,412
8/13/2019,469
8/14/2019,481
8/15/2019,440
8/16/2019,405
8/17/2019,272
8/18/2019,358
8/19/2019,536
8/20/2019,574
8/21/2019,632
8/22/2019,622
8/23/2019,443
8/24/2019,309
8/25/2019,334
8/26/2019,666
8/27/2019,776
8/28/2019,741
8/29/2019,617
8/30/2019,555
8/31/2019,355
9/1/2019,468
9/2/2019,571
9/3/2019,761
9/4/2019,724
9/5/2019,584
9/6/2019,486
9/7/2019,300
9/8/2019,410
9/9/2019,555
9/10/2019,600
9/11/2019,568
9/12/2019,512
9/13/2019,456
9/14/2019,306
9/15/2019,359
9/16/2019,512
9/17/2019,530
9/18/2019,520
9/19/2019,526
9/20/2019,394
9/21/2019,272
9/22/2019,327
9/23/2019,552
9/24/2019,702
9/25/2019,583
9/26/2019,563
9/27/2019,436
9/28/2019,331
9/29/2019,369
9/30/2019,545
10/1/2019,502
10/2/2019,536
10/3/2019,513
10/4/2019,420
10/5/2019,298
10/6/2019,377
10/7/2019,525
10/8/2019,530
10/9/2019,504
10/10/2019,477
10/11/2019,401
10/12/2019,325
10/13/2019,374
10/14/2019,546
10/15/2019,531
10/16/2019,556
10/17/2019,636
10/18/2019,488
10/19/2019,393
10/20/2019,415
10/21/2019,573
10/22/2019,591
10/23/2019,607
10/24/2019,447
10/25/2019,424
10/26/2019,269
10/27/2019,291
10/28/2019,479
10/29/2019,562
10/30/2019,440
10/31/2019,443
11/1/2019,355
11/2/2019,279
11/3/2019,426
11/4/2019,701
11/5/2019,744
11/6/2019,814
11/7/2019,621
11/8/2019,454
11/9/2019,291
11/10/2019,462
11/11/2019,629
11/12/2019,726
11/13/2019,699
11/14/2019,647
11/15/2019,530
11/16/2019,242
11/17/2019,348
11/18/2019,479
11/19/2019,663
11/20/2019,697
11/21/2019,567
11/22/2019,470
11/23/2019,303
11/24/2019,389
11/25/2019,513
11/26/2019,537
11/27/2019,527
11/28/2019,407
11/29/2019,370
11/30/2019,293
12/1/2019,360
12/2/2019,490
12/3/2019,467
12/4/2019,427
12/5/2019,521
12/6/2019,615
12/7/2019,318
12/8/2019,512
12/9/2019,563
12/10/2019,490
12/11/2019,561
12/12/2019,538
12/13/2019,486
12/14/2019,297
12/15/2019,397
12/16/2019,456
12/17/2019,417
12/18/2019,414
12/19/2019,334
12/20/2019,246
12/21/2019,189
12/22/2019,192
12/23/2019,448
12/24/2019,177
12/25/2019,136
12/26/2019,257
12/27/2019,226
12/28/2019,193
12/29/2019,204
12/30/2019,232
12/31/2019,220
1/1/2020,168
1/2/2020,252
1/3/2020,301
1/4/2020,194
1/5/2020,244
1/6/2020,380
1/7/2020,391
1/8/2020,466
1/9/2020,463
1/10/2020,403
1/11/2020,278
1/12/2020,299
1/13/2020,483
1/14/2020,503
1/15/2020,577
1/16/2020,646
1/17/2020,494
1/18/2020,292
1/19/2020,394
1/20/2020,580
1/21/2020,739
1/22/2020,735
1/23/2020,680
1/24/2020,531
1/25/2020,344
1/26/2020,443
1/27/2020,721
1/28/2020,760
1/29/2020,860
1/30/2020,761
1/31/2020,373
2/1/2020,296
2/2/2020,364
2/3/2020,555
2/4/2020,551
2/5/2020,530
2/6/2020,488
2/7/2020,525
2/8/2020,266
2/9/2020,328
2/10/2020,533
2/11/2020,533
2/12/2020,533
2/13/2020,395
2/14/2020,351
2/15/2020,265
2/16/2020,252
2/17/2020,366
2/18/2020,422
2/19/2020,468
2/20/2020,362
2/21/2020,316
2/22/2020,260
2/23/2020,365
2/24/2020,479
2/25/2020,461
2/26/2020,448
2/27/2020,440
2/28/2020,487
2/29/2020,322
3/1/2020,342
3/2/2020,510
3/3/2020,550
3/4/2020,481
3/5/2020,429
3/6/2020,429
3/7/2020,294
3/8/2020,323
3/9/2020,485
3/10/2020,423
3/11/2020,374
3/12/2020,407
3/13/2020,341
3/14/2020,265
3/15/2020,197
3/16/2020,233
3/17/2020,308
3/18/2020,363
3/19/2020,388
3/20/2020,318
3/21/2020,206
3/22/2020,210
3/23/2020,282
3/24/2020,283
3/25/2020,269
3/26/2020,295
3/27/2020,250
3/28/2020,257
3/29/2020,236
3/30/2020,337
3/31/2020,389
4/1/2020,327
4/2/2020,327
4/3/2020,326
4/4/2020,408
4/5/2020,422
4/6/2020,332
4/7/2020,330
4/8/2020,377
4/9/2020,351
4/10/2020,487
4/11/2020,350
4/12/2020,362
4/13/2020,346
4/14/2020,332
4/15/2020,365
4/16/2020,383
4/17/2020,293
4/18/2020,228
4/19/2020,305
4/20/2020,408
4/21/2020,360
4/22/2020,422
4/23/2020,322
4/24/2020,324
4/25/2020,301
4/26/2020,308
4/27/2020,385
4/28/2020,385
4/29/2020,428
4/30/2020,312
5/1/2020,312
5/2/2020,221
5/3/2020,225
5/4/2020,436
5/5/2020,1066
5/6/2020,744
5/7/2020,461
5/8/2020,425
5/9/2020,341
5/10/2020,289
5/11/2020,351
5/12/2020,361
5/13/2020,523
5/14/2020,385
5/15/2020,350
5/16/2020,269
5/17/2020,264
5/18/2020,296
5/19/2020,420
5/20/2020,341
5/21/2020,285
5/22/2020,285
5/23/2020,205
5/24/2020,204
5/25/2020,252
5/26/2020,331
5/27/2020,319
5/28/2020,302
5/29/2020,318
5/30/2020,257
5/31/2020,225
6/1/2020,257
6/2/2020,311
6/3/2020,311
6/4/2020,331
6/5/2020,362
6/6/2020,290
6/7/2020,302
6/8/2020,521
6/9/2020,381
6/10/2020,318
6/11/2020,278
6/12/2020,248
6/13/2020,206
6/14/2020,198
6/15/2020,324
6/16/2020,332
6/17/2020,276
6/18/2020,273
6/19/2020,258
6/20/2020,314
6/21/2020,196
6/22/2020,297
6/23/2020,302
6/24/2020,313
6/25/2020,311
6/26/2020,294
6/27/2020,232
6/28/2020,239
6/29/2020,356
6/30/2020,378
7/1/2020,330
7/2/2020,341
7/3/2020,323
7/4/2020,279
7/5/2020,253
7/6/2020,320
7/7/2020,295
7/8/2020,295
7/9/2020,347
7/10/2020,315
7/11/2020,274
7/12/2020,334
7/13/2020,436
7/14/2020,394
7/15/2020,417
7/16/2020,398
7/17/2020,319
7/18/2020,286
7/19/2020,271
7/20/2020,310
7/21/2020,229
7/22/2020,252
7/23/2020,276
7/24/2020,326
7/25/2020,231
7/26/2020,173
7/27/2020,322
7/28/2020,272
7/29/2020,286
7/30/2020,258
7/31/2020,162
8/1/2020,141
8/2/2020,190
8/3/2020,234
8/4/2020,282
8/5/2020,333
8/6/2020,273
8/7/2020,252
8/8/2020,221
8/9/2020,226
8/10/2020,353
8/11/2020,342
8/12/2020,524
8/13/2020,372
8/14/2020,330
8/15/2020,221
8/16/2020,248
8/17/2020,291
8/18/2020,427
8/19/2020,371
8/20/2020,425
8/21/2020,311
8/22/2020,235
8/23/2020,245
8/24/2020,557
8/25/2020,579
8/26/2020,549
8/27/2020,566
8/28/2020,455
8/29/2020,266
8/30/2020,378
8/31/2020,428
9/1/2020,519
9/2/2020,712
9/3/2020,608
9/4/2020,582
9/5/2020,417
9/6/2020,371
9/7/2020,640
9/8/2020,610
9/9/2020,552
9/10/2020,670
9/11/2020,549
9/12/2020,425
9/13/2020,359
9/14/2020,544
9/15/2020,642
9/16/2020,580
9/17/2020,559
9/18/2020,485
9/19/2020,320
9/20/2020,411
9/21/2020,510
9/22/2020,531
9/23/2020,495
9/24/2020,536
9/25/2020,451
9/26/2020,311
9/27/2020,305
9/28/2020,510
9/29/2020,550
9/30/2020,524
10/1/2020,437
10/2/2020,413
10/3/2020,399
10/4/2020,379
10/5/2020,541
10/6/2020,683
10/7/2020,655
10/8/2020,701
10/9/2020,441
10/10/2020,386
10/11/2020,454
10/12/2020,686
10/13/2020,568
10/14/2020,655
10/15/2020,645
10/16/2020,492
10/17/2020,379
10/18/2020,309
10/19/2020,480
10/20/2020,529
10/21/2020,605
10/22/2020,515
10/23/2020,412
10/24/2020,298
10/25/2020,304
10/26/2020,420
10/27/2020,422
10/28/2020,458
10/29/2020,456
10/30/2020,392
10/31/2020,236
11/1/2020,190
11/2/2020,368
11/3/2020,355
11/4/2020,433
11/5/2020,489
11/6/2020,331
11/7/2020,295
11/8/2020,281
11/9/2020,402
11/10/2020,436
11/11/2020,436
11/12/2020,386
11/13/2020,301
11/14/2020,233
11/15/2020,330
11/16/2020,373
11/17/2020,375
11/18/2020,394
11/19/2020,354
11/20/2020,342
11/21/2020,236
11/22/2020,238
11/23/2020,497
11/24/2020,421
11/25/2020,421
11/26/2020,394
11/27/2020,294
11/28/2020,361
11/29/2020,258
11/30/2020,339
12/1/2020,374
12/2/2020,343
12/3/2020,318
12/4/2020,317
12/5/2020,291
12/6/2020,207
12/7/2020,422
12/8/2020,340
12/9/2020,470
12/10/2020,368
12/11/2020,317
12/12/2020,233
12/13/2020,182
12/14/2020,350
12/15/2020,407
12/16/2020,319
12/17/2020,404
12/18/2020,438
12/19/2020,277
12/20/2020,268
12/21/2020,438
12/22/2020,209
12/23/2020,189
12/24/2020,179
12/25/2020,145
12/26/2020,547
12/27/2020,143
12/28/2020,261
12/29/2020,247
12/30/2020,169
12/31/2020,155
1/1/2021,131
1/2/2021,141
1/3/2021,173
1/4/2021,330
1/5/2021,423
1/6/2021,415
1/7/2021,367
1/8/2021,284
1/9/2021,237
1/10/2021,220
1/11/2021,490
1/12/2021,409
1/13/2021,495
1/14/2021,443
1/15/2021,449
1/16/2021,300
1/17/2021,326
1/18/2021,462
1/19/2021,453
1/20/2021,474
1/21/2021,558
1/22/2021,518
1/23/2021,440
1/24/2021,357
1/25/2021,549
1/26/2021,546
1/27/2021,769
1/28/2021,
